Folders,Images,SKU
SAUCONY-Ride-15-zenska-tenisica-S10729-125,"http://snsa.ddns.net/public/j2s/resizing/2023/SAUCONY-Ride-15-zenska-tenisica-S10729-125/SAUCONY-Ride-15-zenska-tenisica-S10729-125-1.jpg, http://snsa.ddns.net/public/j2s/resizing/2023/SAUCONY-Ride-15-zenska-tenisica-S10729-125/SAUCONY-Ride-15-zenska-tenisica-S10729-125-2.jpg, http://snsa.ddns.net/public/j2s/resizing/2023/SAUCONY-Ride-15-zenska-tenisica-S10729-125/SAUCONY-Ride-15-zenska-tenisica-S10729-125-3.jpg, http://snsa.ddns.net/public/j2s/resizing/2023/SAUCONY-Ride-15-zenska-tenisica-S10729-125/SAUCONY-Ride-15-zenska-tenisica-S10729-125-4.jpg, http://snsa.ddns.net/public/j2s/resizing/2023/SAUCONY-Ride-15-zenska-tenisica-S10729-125/SAUCONY-Ride-15-zenska-tenisica-S10729-125-5.jpg",S10729-125
SAUCONY-Jazz-Nxt-unisex-tenisica-S70790-1,"http://snsa.ddns.net/public/j2s/resizing/2023/SAUCONY-Jazz-Nxt-unisex-tenisica-S70790-1/SAUCONY-Jazz-Nxt-unisex-tenisica-S70790-1-1.jpg, http://snsa.ddns.net/public/j2s/resizing/2023/SAUCONY-Jazz-Nxt-unisex-tenisica-S70790-1/SAUCONY-Jazz-Nxt-unisex-tenisica-S70790-1-2.jpg, http://snsa.ddns.net/public/j2s/resizing/2023/SAUCONY-Jazz-Nxt-unisex-tenisica-S70790-1/SAUCONY-Jazz-Nxt-unisex-tenisica-S70790-1-3.jpg, http://snsa.ddns.net/public/j2s/resizing/2023/SAUCONY-Jazz-Nxt-unisex-tenisica-S70790-1/SAUCONY-Jazz-Nxt-unisex-tenisica-S70790-1-4.jpg, http://snsa.ddns.net/public/j2s/resizing/2023/SAUCONY-Jazz-Nxt-unisex-tenisica-S70790-1/SAUCONY-Jazz-Nxt-unisex-tenisica-S70790-1-5.jpg",S70790-1
SAUCONY-Peregrine-13-zenska-tenisica-S10838-30,"http://snsa.ddns.net/public/j2s/resizing/2023/SAUCONY-Peregrine-13-zenska-tenisica-S10838-30/SAUCONY-Peregrine-13-zenska-tenisica-S10838-30-1.jpg, http://snsa.ddns.net/public/j2s/resizing/2023/SAUCONY-Peregrine-13-zenska-tenisica-S10838-30/SAUCONY-Peregrine-13-zenska-tenisica-S10838-30-2.jpg, http://snsa.ddns.net/public/j2s/resizing/2023/SAUCONY-Peregrine-13-zenska-tenisica-S10838-30/SAUCONY-Peregrine-13-zenska-tenisica-S10838-30-3.jpg, http://snsa.ddns.net/public/j2s/resizing/2023/SAUCONY-Peregrine-13-zenska-tenisica-S10838-30/SAUCONY-Peregrine-13-zenska-tenisica-S10838-30-4.jpg, http://snsa.ddns.net/public/j2s/resizing/2023/SAUCONY-Peregrine-13-zenska-tenisica-S10838-30/SAUCONY-Peregrine-13-zenska-tenisica-S10838-30-5.jpg",S10838-30
SAUCONY-Elite-Split-Short-m-kr-hlace-SAM800315-UB,"http://snsa.ddns.net/public/j2s/resizing/2023/SAUCONY-Elite-Split-Short-m-kr-hlace-SAM800315-UB/SAUCONY-Elite-Split-Short-m-kr-hlace-SAM800315-UB-1.jpg, http://snsa.ddns.net/public/j2s/resizing/2023/SAUCONY-Elite-Split-Short-m-kr-hlace-SAM800315-UB/SAUCONY-Elite-Split-Short-m-kr-hlace-SAM800315-UB-2.jpg, http://snsa.ddns.net/public/j2s/resizing/2023/SAUCONY-Elite-Split-Short-m-kr-hlace-SAM800315-UB/SAUCONY-Elite-Split-Short-m-kr-hlace-SAM800315-UB-3.jpg, http://snsa.ddns.net/public/j2s/resizing/2023/SAUCONY-Elite-Split-Short-m-kr-hlace-SAM800315-UB/SAUCONY-Elite-Split-Short-m-kr-hlace-SAM800315-UB-4.jpg",SAM800315-UB
SAUCONY-Elite-Tight-z-hlace-SAW800417-SD,"http://snsa.ddns.net/public/j2s/resizing/2023/SAUCONY-Elite-Tight-z-hlace-SAW800417-SD/SAUCONY-Elite-Tight-z-hlace-SAW800417-SD-1.jpg, http://snsa.ddns.net/public/j2s/resizing/2023/SAUCONY-Elite-Tight-z-hlace-SAW800417-SD/SAUCONY-Elite-Tight-z-hlace-SAW800417-SD-2.jpg, http://snsa.ddns.net/public/j2s/resizing/2023/SAUCONY-Elite-Tight-z-hlace-SAW800417-SD/SAUCONY-Elite-Tight-z-hlace-SAW800417-SD-3.jpg, http://snsa.ddns.net/public/j2s/resizing/2023/SAUCONY-Elite-Tight-z-hlace-SAW800417-SD/SAUCONY-Elite-Tight-z-hlace-SAW800417-SD-4.jpg, http://snsa.ddns.net/public/j2s/resizing/2023/SAUCONY-Elite-Tight-z-hlace-SAW800417-SD/SAUCONY-Elite-Tight-z-hlace-SAW800417-SD-5.jpg",SD
SAUCONY-Excursion-Tr15-Gtx-muska-tenisica-S20672-1,"http://snsa.ddns.net/public/j2s/resizing/2023/SAUCONY-Excursion-Tr15-Gtx-muska-tenisica-S20672-1/SAUCONY-Excursion-Tr15-Gtx-muska-tenisica-S20672-1-1.jpg, http://snsa.ddns.net/public/j2s/resizing/2023/SAUCONY-Excursion-Tr15-Gtx-muska-tenisica-S20672-1/SAUCONY-Excursion-Tr15-Gtx-muska-tenisica-S20672-1-2.jpg, http://snsa.ddns.net/public/j2s/resizing/2023/SAUCONY-Excursion-Tr15-Gtx-muska-tenisica-S20672-1/SAUCONY-Excursion-Tr15-Gtx-muska-tenisica-S20672-1-3.jpg, http://snsa.ddns.net/public/j2s/resizing/2023/SAUCONY-Excursion-Tr15-Gtx-muska-tenisica-S20672-1/SAUCONY-Excursion-Tr15-Gtx-muska-tenisica-S20672-1-4.jpg, http://snsa.ddns.net/public/j2s/resizing/2023/SAUCONY-Excursion-Tr15-Gtx-muska-tenisica-S20672-1/SAUCONY-Excursion-Tr15-Gtx-muska-tenisica-S20672-1-5.jpg",S20672-1
SAUCONY-Ride-16-zenska-tenisica-S10830-30,"http://snsa.ddns.net/public/j2s/resizing/2023/SAUCONY-Ride-16-zenska-tenisica-S10830-30/SAUCONY-Ride-16-zenska-tenisica-S10830-30-1.jpg, http://snsa.ddns.net/public/j2s/resizing/2023/SAUCONY-Ride-16-zenska-tenisica-S10830-30/SAUCONY-Ride-16-zenska-tenisica-S10830-30-2.jpg, http://snsa.ddns.net/public/j2s/resizing/2023/SAUCONY-Ride-16-zenska-tenisica-S10830-30/SAUCONY-Ride-16-zenska-tenisica-S10830-30-3.jpg, http://snsa.ddns.net/public/j2s/resizing/2023/SAUCONY-Ride-16-zenska-tenisica-S10830-30/SAUCONY-Ride-16-zenska-tenisica-S10830-30-4.jpg, http://snsa.ddns.net/public/j2s/resizing/2023/SAUCONY-Ride-16-zenska-tenisica-S10830-30/SAUCONY-Ride-16-zenska-tenisica-S10830-30-5.jpg",S10830-30
SAUCONY-Triumph-21-muska-tenisica-S20881-21,"http://snsa.ddns.net/public/j2s/resizing/2023/SAUCONY-Triumph-21-muska-tenisica-S20881-21/SAUCONY-Triumph-21-muska-tenisica-S20881-21-1.jpg, http://snsa.ddns.net/public/j2s/resizing/2023/SAUCONY-Triumph-21-muska-tenisica-S20881-21/SAUCONY-Triumph-21-muska-tenisica-S20881-21-2.jpg, http://snsa.ddns.net/public/j2s/resizing/2023/SAUCONY-Triumph-21-muska-tenisica-S20881-21/SAUCONY-Triumph-21-muska-tenisica-S20881-21-3.jpg, http://snsa.ddns.net/public/j2s/resizing/2023/SAUCONY-Triumph-21-muska-tenisica-S20881-21/SAUCONY-Triumph-21-muska-tenisica-S20881-21-4.jpg, http://snsa.ddns.net/public/j2s/resizing/2023/SAUCONY-Triumph-21-muska-tenisica-S20881-21/SAUCONY-Triumph-21-muska-tenisica-S20881-21-5.jpg",S20881-21
SAUCONY-Peregrine-13-muska-tenisica-S20838-30,"http://snsa.ddns.net/public/j2s/resizing/2023/SAUCONY-Peregrine-13-muska-tenisica-S20838-30/SAUCONY-Peregrine-13-muska-tenisica-S20838-30-1.jpg, http://snsa.ddns.net/public/j2s/resizing/2023/SAUCONY-Peregrine-13-muska-tenisica-S20838-30/SAUCONY-Peregrine-13-muska-tenisica-S20838-30-2.jpg, http://snsa.ddns.net/public/j2s/resizing/2023/SAUCONY-Peregrine-13-muska-tenisica-S20838-30/SAUCONY-Peregrine-13-muska-tenisica-S20838-30-3.jpg, http://snsa.ddns.net/public/j2s/resizing/2023/SAUCONY-Peregrine-13-muska-tenisica-S20838-30/SAUCONY-Peregrine-13-muska-tenisica-S20838-30-4.jpg, http://snsa.ddns.net/public/j2s/resizing/2023/SAUCONY-Peregrine-13-muska-tenisica-S20838-30/SAUCONY-Peregrine-13-muska-tenisica-S20838-30-5.jpg",S20838-30
SAUCONY-Kinvara-14-muska-tenisica-S20823-33,"http://snsa.ddns.net/public/j2s/resizing/2023/SAUCONY-Kinvara-14-muska-tenisica-S20823-33/SAUCONY-Kinvara-14-muska-tenisica-S20823-33-1.jpg, http://snsa.ddns.net/public/j2s/resizing/2023/SAUCONY-Kinvara-14-muska-tenisica-S20823-33/SAUCONY-Kinvara-14-muska-tenisica-S20823-33-2.jpg, http://snsa.ddns.net/public/j2s/resizing/2023/SAUCONY-Kinvara-14-muska-tenisica-S20823-33/SAUCONY-Kinvara-14-muska-tenisica-S20823-33-3.jpg, http://snsa.ddns.net/public/j2s/resizing/2023/SAUCONY-Kinvara-14-muska-tenisica-S20823-33/SAUCONY-Kinvara-14-muska-tenisica-S20823-33-4.jpg, http://snsa.ddns.net/public/j2s/resizing/2023/SAUCONY-Kinvara-14-muska-tenisica-S20823-33/SAUCONY-Kinvara-14-muska-tenisica-S20823-33-5.jpg",S20823-33
SAUCONY-Endorphin-Pro-2-muska-tenisica-S20687-84,"http://snsa.ddns.net/public/j2s/resizing/2023/SAUCONY-Endorphin-Pro-2-muska-tenisica-S20687-84/SAUCONY-Endorphin-Pro-2-muska-tenisica-S20687-84-1.jpg, http://snsa.ddns.net/public/j2s/resizing/2023/SAUCONY-Endorphin-Pro-2-muska-tenisica-S20687-84/SAUCONY-Endorphin-Pro-2-muska-tenisica-S20687-84-2.jpg, http://snsa.ddns.net/public/j2s/resizing/2023/SAUCONY-Endorphin-Pro-2-muska-tenisica-S20687-84/SAUCONY-Endorphin-Pro-2-muska-tenisica-S20687-84-3.jpg, http://snsa.ddns.net/public/j2s/resizing/2023/SAUCONY-Endorphin-Pro-2-muska-tenisica-S20687-84/SAUCONY-Endorphin-Pro-2-muska-tenisica-S20687-84-4.jpg, http://snsa.ddns.net/public/j2s/resizing/2023/SAUCONY-Endorphin-Pro-2-muska-tenisica-S20687-84/SAUCONY-Endorphin-Pro-2-muska-tenisica-S20687-84-5.jpg",S20687-84
SAUCONY-Grid-Shadow-2-unisex-tenisica-S70782-1,"http://snsa.ddns.net/public/j2s/resizing/2023/SAUCONY-Grid-Shadow-2-unisex-tenisica-S70782-1/SAUCONY-Grid-Shadow-2-unisex-tenisica-S70782-1-1.jpg, http://snsa.ddns.net/public/j2s/resizing/2023/SAUCONY-Grid-Shadow-2-unisex-tenisica-S70782-1/SAUCONY-Grid-Shadow-2-unisex-tenisica-S70782-1-2.jpg, http://snsa.ddns.net/public/j2s/resizing/2023/SAUCONY-Grid-Shadow-2-unisex-tenisica-S70782-1/SAUCONY-Grid-Shadow-2-unisex-tenisica-S70782-1-3.jpg, http://snsa.ddns.net/public/j2s/resizing/2023/SAUCONY-Grid-Shadow-2-unisex-tenisica-S70782-1/SAUCONY-Grid-Shadow-2-unisex-tenisica-S70782-1-4.jpg, http://snsa.ddns.net/public/j2s/resizing/2023/SAUCONY-Grid-Shadow-2-unisex-tenisica-S70782-1/SAUCONY-Grid-Shadow-2-unisex-tenisica-S70782-1-5.jpg",S70782-1
SAUCONY-Guide-16-muska-tenisica-S20810-34,"http://snsa.ddns.net/public/j2s/resizing/2023/SAUCONY-Guide-16-muska-tenisica-S20810-34/SAUCONY-Guide-16-muska-tenisica-S20810-34-1.jpg, http://snsa.ddns.net/public/j2s/resizing/2023/SAUCONY-Guide-16-muska-tenisica-S20810-34/SAUCONY-Guide-16-muska-tenisica-S20810-34-2.jpg, http://snsa.ddns.net/public/j2s/resizing/2023/SAUCONY-Guide-16-muska-tenisica-S20810-34/SAUCONY-Guide-16-muska-tenisica-S20810-34-3.jpg, http://snsa.ddns.net/public/j2s/resizing/2023/SAUCONY-Guide-16-muska-tenisica-S20810-34/SAUCONY-Guide-16-muska-tenisica-S20810-34-4.jpg, http://snsa.ddns.net/public/j2s/resizing/2023/SAUCONY-Guide-16-muska-tenisica-S20810-34/SAUCONY-Guide-16-muska-tenisica-S20810-34-5.jpg",S20810-34
SAUCONY-Elite-Short-Sleeve-z-t-maja-SAW800413-UB,"http://snsa.ddns.net/public/j2s/resizing/2023/SAUCONY-Elite-Short-Sleeve-z-t-maja-SAW800413-UB/SAUCONY-Elite-Short-Sleeve-z-t-maja-SAW800413-UB-1.jpg, http://snsa.ddns.net/public/j2s/resizing/2023/SAUCONY-Elite-Short-Sleeve-z-t-maja-SAW800413-UB/SAUCONY-Elite-Short-Sleeve-z-t-maja-SAW800413-UB-2.jpg, http://snsa.ddns.net/public/j2s/resizing/2023/SAUCONY-Elite-Short-Sleeve-z-t-maja-SAW800413-UB/SAUCONY-Elite-Short-Sleeve-z-t-maja-SAW800413-UB-3.jpg, http://snsa.ddns.net/public/j2s/resizing/2023/SAUCONY-Elite-Short-Sleeve-z-t-maja-SAW800413-UB/SAUCONY-Elite-Short-Sleeve-z-t-maja-SAW800413-UB-4.jpg",SAW800413-UB
SAUCONY-Elite-Tight-m-tajce-SAM800317-UB,"http://snsa.ddns.net/public/j2s/resizing/2023/SAUCONY-Elite-Tight-m-tajce-SAM800317-UB/SAUCONY-Elite-Tight-m-tajce-SAM800317-UB-1.jpg, http://snsa.ddns.net/public/j2s/resizing/2023/SAUCONY-Elite-Tight-m-tajce-SAM800317-UB/SAUCONY-Elite-Tight-m-tajce-SAM800317-UB-2.jpg, http://snsa.ddns.net/public/j2s/resizing/2023/SAUCONY-Elite-Tight-m-tajce-SAM800317-UB/SAUCONY-Elite-Tight-m-tajce-SAM800317-UB-3.jpg, http://snsa.ddns.net/public/j2s/resizing/2023/SAUCONY-Elite-Tight-m-tajce-SAM800317-UB/SAUCONY-Elite-Tight-m-tajce-SAM800317-UB-4.jpg, http://snsa.ddns.net/public/j2s/resizing/2023/SAUCONY-Elite-Tight-m-tajce-SAM800317-UB/SAUCONY-Elite-Tight-m-tajce-SAM800317-UB-5.jpg",SAM800317-UB
SAUCONY-Shadow-5000-muska-tenisica-S70665-28,"http://snsa.ddns.net/public/j2s/resizing/2023/SAUCONY-Shadow-5000-muska-tenisica-S70665-28/SAUCONY-Shadow-5000-muska-tenisica-S70665-28-1.jpg, http://snsa.ddns.net/public/j2s/resizing/2023/SAUCONY-Shadow-5000-muska-tenisica-S70665-28/SAUCONY-Shadow-5000-muska-tenisica-S70665-28-2.jpg, http://snsa.ddns.net/public/j2s/resizing/2023/SAUCONY-Shadow-5000-muska-tenisica-S70665-28/SAUCONY-Shadow-5000-muska-tenisica-S70665-28-3.jpg, http://snsa.ddns.net/public/j2s/resizing/2023/SAUCONY-Shadow-5000-muska-tenisica-S70665-28/SAUCONY-Shadow-5000-muska-tenisica-S70665-28-4.jpg, http://snsa.ddns.net/public/j2s/resizing/2023/SAUCONY-Shadow-5000-muska-tenisica-S70665-28/SAUCONY-Shadow-5000-muska-tenisica-S70665-28-5.jpg",S70665-28
SAUCONY-Kinvara-13-zenska-tenisica-S10723-16,"http://snsa.ddns.net/public/j2s/resizing/2023/SAUCONY-Kinvara-13-zenska-tenisica-S10723-16/SAUCONY-Kinvara-13-zenska-tenisica-S10723-16-1.jpg, http://snsa.ddns.net/public/j2s/resizing/2023/SAUCONY-Kinvara-13-zenska-tenisica-S10723-16/SAUCONY-Kinvara-13-zenska-tenisica-S10723-16-2.jpg, http://snsa.ddns.net/public/j2s/resizing/2023/SAUCONY-Kinvara-13-zenska-tenisica-S10723-16/SAUCONY-Kinvara-13-zenska-tenisica-S10723-16-3.jpg, http://snsa.ddns.net/public/j2s/resizing/2023/SAUCONY-Kinvara-13-zenska-tenisica-S10723-16/SAUCONY-Kinvara-13-zenska-tenisica-S10723-16-4.jpg",S10723-16
SAUCONY-Triumph-21-muska-tenisica-S20881-60,"http://snsa.ddns.net/public/j2s/resizing/2023/SAUCONY-Triumph-21-muska-tenisica-S20881-60/SAUCONY-Triumph-21-muska-tenisica-S20881-60-1.jpg, http://snsa.ddns.net/public/j2s/resizing/2023/SAUCONY-Triumph-21-muska-tenisica-S20881-60/SAUCONY-Triumph-21-muska-tenisica-S20881-60-2.jpg, http://snsa.ddns.net/public/j2s/resizing/2023/SAUCONY-Triumph-21-muska-tenisica-S20881-60/SAUCONY-Triumph-21-muska-tenisica-S20881-60-3.jpg, http://snsa.ddns.net/public/j2s/resizing/2023/SAUCONY-Triumph-21-muska-tenisica-S20881-60/SAUCONY-Triumph-21-muska-tenisica-S20881-60-4.jpg, http://snsa.ddns.net/public/j2s/resizing/2023/SAUCONY-Triumph-21-muska-tenisica-S20881-60/SAUCONY-Triumph-21-muska-tenisica-S20881-60-5.jpg",S20881-60
SAUCONY-Endorphin-Shift-3-muska-tenisica-S20813-22,"http://snsa.ddns.net/public/j2s/resizing/2023/SAUCONY-Endorphin-Shift-3-muska-tenisica-S20813-22/SAUCONY-Endorphin-Shift-3-muska-tenisica-S20813-22-1.jpg, http://snsa.ddns.net/public/j2s/resizing/2023/SAUCONY-Endorphin-Shift-3-muska-tenisica-S20813-22/SAUCONY-Endorphin-Shift-3-muska-tenisica-S20813-22-2.jpg, http://snsa.ddns.net/public/j2s/resizing/2023/SAUCONY-Endorphin-Shift-3-muska-tenisica-S20813-22/SAUCONY-Endorphin-Shift-3-muska-tenisica-S20813-22-3.jpg, http://snsa.ddns.net/public/j2s/resizing/2023/SAUCONY-Endorphin-Shift-3-muska-tenisica-S20813-22/SAUCONY-Endorphin-Shift-3-muska-tenisica-S20813-22-4.jpg, http://snsa.ddns.net/public/j2s/resizing/2023/SAUCONY-Endorphin-Shift-3-muska-tenisica-S20813-22/SAUCONY-Endorphin-Shift-3-muska-tenisica-S20813-22-5.jpg",S20813-22
SAUCONY-Elite-Singlet-m-maja-SAM800320-UB,"http://snsa.ddns.net/public/j2s/resizing/2023/SAUCONY-Elite-Singlet-m-maja-SAM800320-UB/SAUCONY-Elite-Singlet-m-maja-SAM800320-UB-1.jpg, http://snsa.ddns.net/public/j2s/resizing/2023/SAUCONY-Elite-Singlet-m-maja-SAM800320-UB/SAUCONY-Elite-Singlet-m-maja-SAM800320-UB-2.jpg, http://snsa.ddns.net/public/j2s/resizing/2023/SAUCONY-Elite-Singlet-m-maja-SAM800320-UB/SAUCONY-Elite-Singlet-m-maja-SAM800320-UB-3.jpg, http://snsa.ddns.net/public/j2s/resizing/2023/SAUCONY-Elite-Singlet-m-maja-SAM800320-UB/SAUCONY-Elite-Singlet-m-maja-SAM800320-UB-4.jpg",SAM800320-UB
SAUCONY-Endorphin-Elite-Crop-Top-z-top-SAW800409-UB,"http://snsa.ddns.net/public/j2s/resizing/2023/SAUCONY-Endorphin-Elite-Crop-Top-z-top-SAW800409-UB/SAUCONY-Endorphin-Elite-Crop-Top-z-top-SAW800409-UB-1.jpg, http://snsa.ddns.net/public/j2s/resizing/2023/SAUCONY-Endorphin-Elite-Crop-Top-z-top-SAW800409-UB/SAUCONY-Endorphin-Elite-Crop-Top-z-top-SAW800409-UB-2.jpg, http://snsa.ddns.net/public/j2s/resizing/2023/SAUCONY-Endorphin-Elite-Crop-Top-z-top-SAW800409-UB/SAUCONY-Endorphin-Elite-Crop-Top-z-top-SAW800409-UB-3.jpg, http://snsa.ddns.net/public/j2s/resizing/2023/SAUCONY-Endorphin-Elite-Crop-Top-z-top-SAW800409-UB/SAUCONY-Endorphin-Elite-Crop-Top-z-top-SAW800409-UB-4.jpg, http://snsa.ddns.net/public/j2s/resizing/2023/SAUCONY-Endorphin-Elite-Crop-Top-z-top-SAW800409-UB/SAUCONY-Endorphin-Elite-Crop-Top-z-top-SAW800409-UB-5.jpg",SAW800409-UB
SAUCONY-Guide-16-muska-tenisica-S20810-35,"http://snsa.ddns.net/public/j2s/resizing/2023/SAUCONY-Guide-16-muska-tenisica-S20810-35/SAUCONY-Guide-16-muska-tenisica-S20810-35-1.jpg, http://snsa.ddns.net/public/j2s/resizing/2023/SAUCONY-Guide-16-muska-tenisica-S20810-35/SAUCONY-Guide-16-muska-tenisica-S20810-35-2.jpg, http://snsa.ddns.net/public/j2s/resizing/2023/SAUCONY-Guide-16-muska-tenisica-S20810-35/SAUCONY-Guide-16-muska-tenisica-S20810-35-3.jpg, http://snsa.ddns.net/public/j2s/resizing/2023/SAUCONY-Guide-16-muska-tenisica-S20810-35/SAUCONY-Guide-16-muska-tenisica-S20810-35-4.jpg, http://snsa.ddns.net/public/j2s/resizing/2023/SAUCONY-Guide-16-muska-tenisica-S20810-35/SAUCONY-Guide-16-muska-tenisica-S20810-35-5.jpg",S20810-35
SAUCONY-Run-Lux-Short-m-kr-hlace-SA81181-BKBK,"http://snsa.ddns.net/public/j2s/resizing/2023/SAUCONY-Run-Lux-Short-m-kr-hlace-SA81181-BKBK/SAUCONY-Run-Lux-Short-m-kr-hlace-SA81181-BKBK-1.jpg, http://snsa.ddns.net/public/j2s/resizing/2023/SAUCONY-Run-Lux-Short-m-kr-hlace-SA81181-BKBK/SAUCONY-Run-Lux-Short-m-kr-hlace-SA81181-BKBK-2.jpg, http://snsa.ddns.net/public/j2s/resizing/2023/SAUCONY-Run-Lux-Short-m-kr-hlace-SA81181-BKBK/SAUCONY-Run-Lux-Short-m-kr-hlace-SA81181-BKBK-3.jpg",SA81181-BKBK
SAUCONY-Triumph-21-zenska-tenisica-S10881-32,"http://snsa.ddns.net/public/j2s/resizing/2023/SAUCONY-Triumph-21-zenska-tenisica-S10881-32/SAUCONY-Triumph-21-zenska-tenisica-S10881-32-1.jpg, http://snsa.ddns.net/public/j2s/resizing/2023/SAUCONY-Triumph-21-zenska-tenisica-S10881-32/SAUCONY-Triumph-21-zenska-tenisica-S10881-32-2.jpg, http://snsa.ddns.net/public/j2s/resizing/2023/SAUCONY-Triumph-21-zenska-tenisica-S10881-32/SAUCONY-Triumph-21-zenska-tenisica-S10881-32-3.jpg, http://snsa.ddns.net/public/j2s/resizing/2023/SAUCONY-Triumph-21-zenska-tenisica-S10881-32/SAUCONY-Triumph-21-zenska-tenisica-S10881-32-4.jpg, http://snsa.ddns.net/public/j2s/resizing/2023/SAUCONY-Triumph-21-zenska-tenisica-S10881-32/SAUCONY-Triumph-21-zenska-tenisica-S10881-32-5.jpg",S10881-32
SAUCONY-Endorphin-Shift-3-zenska-tenisica-S10813-65,"http://snsa.ddns.net/public/j2s/resizing/2023/SAUCONY-Endorphin-Shift-3-zenska-tenisica-S10813-65/SAUCONY-Endorphin-Shift-3-zenska-tenisica-S10813-65-1.jpg, http://snsa.ddns.net/public/j2s/resizing/2023/SAUCONY-Endorphin-Shift-3-zenska-tenisica-S10813-65/SAUCONY-Endorphin-Shift-3-zenska-tenisica-S10813-65-2.jpg, http://snsa.ddns.net/public/j2s/resizing/2023/SAUCONY-Endorphin-Shift-3-zenska-tenisica-S10813-65/SAUCONY-Endorphin-Shift-3-zenska-tenisica-S10813-65-3.jpg, http://snsa.ddns.net/public/j2s/resizing/2023/SAUCONY-Endorphin-Shift-3-zenska-tenisica-S10813-65/SAUCONY-Endorphin-Shift-3-zenska-tenisica-S10813-65-4.jpg, http://snsa.ddns.net/public/j2s/resizing/2023/SAUCONY-Endorphin-Shift-3-zenska-tenisica-S10813-65/SAUCONY-Endorphin-Shift-3-zenska-tenisica-S10813-65-5.jpg",S10813-65
SAUCONY-Peregrine-13-zenska-tenisica-S10838-25,"http://snsa.ddns.net/public/j2s/resizing/2023/SAUCONY-Peregrine-13-zenska-tenisica-S10838-25/SAUCONY-Peregrine-13-zenska-tenisica-S10838-25-1.jpg, http://snsa.ddns.net/public/j2s/resizing/2023/SAUCONY-Peregrine-13-zenska-tenisica-S10838-25/SAUCONY-Peregrine-13-zenska-tenisica-S10838-25-2.jpg, http://snsa.ddns.net/public/j2s/resizing/2023/SAUCONY-Peregrine-13-zenska-tenisica-S10838-25/SAUCONY-Peregrine-13-zenska-tenisica-S10838-25-3.jpg, http://snsa.ddns.net/public/j2s/resizing/2023/SAUCONY-Peregrine-13-zenska-tenisica-S10838-25/SAUCONY-Peregrine-13-zenska-tenisica-S10838-25-4.jpg, http://snsa.ddns.net/public/j2s/resizing/2023/SAUCONY-Peregrine-13-zenska-tenisica-S10838-25/SAUCONY-Peregrine-13-zenska-tenisica-S10838-25-5.jpg",S10838-25
SAUCONY-Elite-Bra-Top-z-top-SAW800408-SD,"http://snsa.ddns.net/public/j2s/resizing/2023/SAUCONY-Elite-Bra-Top-z-top-SAW800408-SD/SAUCONY-Elite-Bra-Top-z-top-SAW800408-SD-1.jpg, http://snsa.ddns.net/public/j2s/resizing/2023/SAUCONY-Elite-Bra-Top-z-top-SAW800408-SD/SAUCONY-Elite-Bra-Top-z-top-SAW800408-SD-2.jpg, http://snsa.ddns.net/public/j2s/resizing/2023/SAUCONY-Elite-Bra-Top-z-top-SAW800408-SD/SAUCONY-Elite-Bra-Top-z-top-SAW800408-SD-3.jpg, http://snsa.ddns.net/public/j2s/resizing/2023/SAUCONY-Elite-Bra-Top-z-top-SAW800408-SD/SAUCONY-Elite-Bra-Top-z-top-SAW800408-SD-4.jpg",SD
SAUCONY-Grid-Shadow-2-unisex-tenisica-S70773-2,"http://snsa.ddns.net/public/j2s/resizing/2023/SAUCONY-Grid-Shadow-2-unisex-tenisica-S70773-2/SAUCONY-Grid-Shadow-2-unisex-tenisica-S70773-2-1.jpg, http://snsa.ddns.net/public/j2s/resizing/2023/SAUCONY-Grid-Shadow-2-unisex-tenisica-S70773-2/SAUCONY-Grid-Shadow-2-unisex-tenisica-S70773-2-2.jpg, http://snsa.ddns.net/public/j2s/resizing/2023/SAUCONY-Grid-Shadow-2-unisex-tenisica-S70773-2/SAUCONY-Grid-Shadow-2-unisex-tenisica-S70773-2-3.jpg, http://snsa.ddns.net/public/j2s/resizing/2023/SAUCONY-Grid-Shadow-2-unisex-tenisica-S70773-2/SAUCONY-Grid-Shadow-2-unisex-tenisica-S70773-2-4.jpg, http://snsa.ddns.net/public/j2s/resizing/2023/SAUCONY-Grid-Shadow-2-unisex-tenisica-S70773-2/SAUCONY-Grid-Shadow-2-unisex-tenisica-S70773-2-5.jpg",S70773-2
SAUCONY-Elite-Boy-Short-z-kr-hlace-SAW800412-SD,"http://snsa.ddns.net/public/j2s/resizing/2023/SAUCONY-Elite-Boy-Short-z-kr-hlace-SAW800412-SD/SAUCONY-Elite-Boy-Short-z-kr-hlace-SAW800412-SD-1.jpg, http://snsa.ddns.net/public/j2s/resizing/2023/SAUCONY-Elite-Boy-Short-z-kr-hlace-SAW800412-SD/SAUCONY-Elite-Boy-Short-z-kr-hlace-SAW800412-SD-2.jpg, http://snsa.ddns.net/public/j2s/resizing/2023/SAUCONY-Elite-Boy-Short-z-kr-hlace-SAW800412-SD/SAUCONY-Elite-Boy-Short-z-kr-hlace-SAW800412-SD-3.jpg, http://snsa.ddns.net/public/j2s/resizing/2023/SAUCONY-Elite-Boy-Short-z-kr-hlace-SAW800412-SD/SAUCONY-Elite-Boy-Short-z-kr-hlace-SAW800412-SD-4.jpg",SD
SAUCONY-Jazz-81-muska-tenisica-S70613-13,"http://snsa.ddns.net/public/j2s/resizing/2023/SAUCONY-Jazz-81-muska-tenisica-S70613-13/SAUCONY-Jazz-81-muska-tenisica-S70613-13-1.jpg, http://snsa.ddns.net/public/j2s/resizing/2023/SAUCONY-Jazz-81-muska-tenisica-S70613-13/SAUCONY-Jazz-81-muska-tenisica-S70613-13-2.jpg, http://snsa.ddns.net/public/j2s/resizing/2023/SAUCONY-Jazz-81-muska-tenisica-S70613-13/SAUCONY-Jazz-81-muska-tenisica-S70613-13-3.jpg, http://snsa.ddns.net/public/j2s/resizing/2023/SAUCONY-Jazz-81-muska-tenisica-S70613-13/SAUCONY-Jazz-81-muska-tenisica-S70613-13-4.jpg, http://snsa.ddns.net/public/j2s/resizing/2023/SAUCONY-Jazz-81-muska-tenisica-S70613-13/SAUCONY-Jazz-81-muska-tenisica-S70613-13-5.jpg",S70613-13
SAUCONY-Kinvara-14-zenska-tenisica-S10823-36,"http://snsa.ddns.net/public/j2s/resizing/2023/SAUCONY-Kinvara-14-zenska-tenisica-S10823-36/SAUCONY-Kinvara-14-zenska-tenisica-S10823-36-1.jpg, http://snsa.ddns.net/public/j2s/resizing/2023/SAUCONY-Kinvara-14-zenska-tenisica-S10823-36/SAUCONY-Kinvara-14-zenska-tenisica-S10823-36-2.jpg, http://snsa.ddns.net/public/j2s/resizing/2023/SAUCONY-Kinvara-14-zenska-tenisica-S10823-36/SAUCONY-Kinvara-14-zenska-tenisica-S10823-36-3.jpg, http://snsa.ddns.net/public/j2s/resizing/2023/SAUCONY-Kinvara-14-zenska-tenisica-S10823-36/SAUCONY-Kinvara-14-zenska-tenisica-S10823-36-4.jpg, http://snsa.ddns.net/public/j2s/resizing/2023/SAUCONY-Kinvara-14-zenska-tenisica-S10823-36/SAUCONY-Kinvara-14-zenska-tenisica-S10823-36-5.jpg",S10823-36
SAUCONY-Mens-Life-On-The-Run-Cdwn-Jgr-m-hlace-SAM800058-DGH,"http://snsa.ddns.net/public/j2s/resizing/2023/SAUCONY-Mens-Life-On-The-Run-Cdwn-Jgr-m-hlace-SAM800058-DGH/SAUCONY-Mens-Life-On-The-Run-Cdwn-Jgr-m-hlace-SAM800058-DGH-1.jpg, http://snsa.ddns.net/public/j2s/resizing/2023/SAUCONY-Mens-Life-On-The-Run-Cdwn-Jgr-m-hlace-SAM800058-DGH/SAUCONY-Mens-Life-On-The-Run-Cdwn-Jgr-m-hlace-SAM800058-DGH-2.jpg",SAM800058-DGH
SAUCONY-Jazz-Original-Vintage-muska-tenisica-S70368-203,"http://snsa.ddns.net/public/j2s/resizing/2023/SAUCONY-Jazz-Original-Vintage-muska-tenisica-S70368-203/SAUCONY-Jazz-Original-Vintage-muska-tenisica-S70368-203-1.jpg, http://snsa.ddns.net/public/j2s/resizing/2023/SAUCONY-Jazz-Original-Vintage-muska-tenisica-S70368-203/SAUCONY-Jazz-Original-Vintage-muska-tenisica-S70368-203-2.jpg, http://snsa.ddns.net/public/j2s/resizing/2023/SAUCONY-Jazz-Original-Vintage-muska-tenisica-S70368-203/SAUCONY-Jazz-Original-Vintage-muska-tenisica-S70368-203-3.jpg, http://snsa.ddns.net/public/j2s/resizing/2023/SAUCONY-Jazz-Original-Vintage-muska-tenisica-S70368-203/SAUCONY-Jazz-Original-Vintage-muska-tenisica-S70368-203-4.jpg, http://snsa.ddns.net/public/j2s/resizing/2023/SAUCONY-Jazz-Original-Vintage-muska-tenisica-S70368-203/SAUCONY-Jazz-Original-Vintage-muska-tenisica-S70368-203-5.jpg",S70368-203
SAUCONY-Grid-Shadow-2-unisex-tenisica-S70773-3,"http://snsa.ddns.net/public/j2s/resizing/2023/SAUCONY-Grid-Shadow-2-unisex-tenisica-S70773-3/SAUCONY-Grid-Shadow-2-unisex-tenisica-S70773-3-1.jpg, http://snsa.ddns.net/public/j2s/resizing/2023/SAUCONY-Grid-Shadow-2-unisex-tenisica-S70773-3/SAUCONY-Grid-Shadow-2-unisex-tenisica-S70773-3-2.jpg, http://snsa.ddns.net/public/j2s/resizing/2023/SAUCONY-Grid-Shadow-2-unisex-tenisica-S70773-3/SAUCONY-Grid-Shadow-2-unisex-tenisica-S70773-3-3.jpg, http://snsa.ddns.net/public/j2s/resizing/2023/SAUCONY-Grid-Shadow-2-unisex-tenisica-S70773-3/SAUCONY-Grid-Shadow-2-unisex-tenisica-S70773-3-4.jpg, http://snsa.ddns.net/public/j2s/resizing/2023/SAUCONY-Grid-Shadow-2-unisex-tenisica-S70773-3/SAUCONY-Grid-Shadow-2-unisex-tenisica-S70773-3-5.jpg",S70773-3
SAUCONY-Hydralite-Short-Sleeve-z-t-maja-SA81538-VS,"http://snsa.ddns.net/public/j2s/resizing/2023/SAUCONY-Hydralite-Short-Sleeve-z-t-maja-SA81538-VS/SAUCONY-Hydralite-Short-Sleeve-z-t-maja-SA81538-VS-1.jpg, http://snsa.ddns.net/public/j2s/resizing/2023/SAUCONY-Hydralite-Short-Sleeve-z-t-maja-SA81538-VS/SAUCONY-Hydralite-Short-Sleeve-z-t-maja-SA81538-VS-2.jpg, http://snsa.ddns.net/public/j2s/resizing/2023/SAUCONY-Hydralite-Short-Sleeve-z-t-maja-SA81538-VS/SAUCONY-Hydralite-Short-Sleeve-z-t-maja-SA81538-VS-3.jpg",SA81538-VS
SAUCONY-Elite-Tight-z-hlace-SAW800417-UB,"http://snsa.ddns.net/public/j2s/resizing/2023/SAUCONY-Elite-Tight-z-hlace-SAW800417-UB/SAUCONY-Elite-Tight-z-hlace-SAW800417-UB-1.jpg, http://snsa.ddns.net/public/j2s/resizing/2023/SAUCONY-Elite-Tight-z-hlace-SAW800417-UB/SAUCONY-Elite-Tight-z-hlace-SAW800417-UB-2.jpg, http://snsa.ddns.net/public/j2s/resizing/2023/SAUCONY-Elite-Tight-z-hlace-SAW800417-UB/SAUCONY-Elite-Tight-z-hlace-SAW800417-UB-3.jpg, http://snsa.ddns.net/public/j2s/resizing/2023/SAUCONY-Elite-Tight-z-hlace-SAW800417-UB/SAUCONY-Elite-Tight-z-hlace-SAW800417-UB-4.jpg, http://snsa.ddns.net/public/j2s/resizing/2023/SAUCONY-Elite-Tight-z-hlace-SAW800417-UB/SAUCONY-Elite-Tight-z-hlace-SAW800417-UB-5.jpg",SAW800417-UB
SAUCONY-Jazz-Nxt-unisex-tenisica-S70790-3,"http://snsa.ddns.net/public/j2s/resizing/2023/SAUCONY-Jazz-Nxt-unisex-tenisica-S70790-3/SAUCONY-Jazz-Nxt-unisex-tenisica-S70790-3-1.jpg, http://snsa.ddns.net/public/j2s/resizing/2023/SAUCONY-Jazz-Nxt-unisex-tenisica-S70790-3/SAUCONY-Jazz-Nxt-unisex-tenisica-S70790-3-2.jpg, http://snsa.ddns.net/public/j2s/resizing/2023/SAUCONY-Jazz-Nxt-unisex-tenisica-S70790-3/SAUCONY-Jazz-Nxt-unisex-tenisica-S70790-3-3.jpg, http://snsa.ddns.net/public/j2s/resizing/2023/SAUCONY-Jazz-Nxt-unisex-tenisica-S70790-3/SAUCONY-Jazz-Nxt-unisex-tenisica-S70790-3-4.jpg, http://snsa.ddns.net/public/j2s/resizing/2023/SAUCONY-Jazz-Nxt-unisex-tenisica-S70790-3/SAUCONY-Jazz-Nxt-unisex-tenisica-S70790-3-5.jpg",S70790-3
SAUCONY-Hydralite-Short-Sleeve-z-t-maja-SA81538-VR,"http://snsa.ddns.net/public/j2s/resizing/2023/SAUCONY-Hydralite-Short-Sleeve-z-t-maja-SA81538-VR/SAUCONY-Hydralite-Short-Sleeve-z-t-maja-SA81538-VR-1.jpg, http://snsa.ddns.net/public/j2s/resizing/2023/SAUCONY-Hydralite-Short-Sleeve-z-t-maja-SA81538-VR/SAUCONY-Hydralite-Short-Sleeve-z-t-maja-SA81538-VR-2.jpg, http://snsa.ddns.net/public/j2s/resizing/2023/SAUCONY-Hydralite-Short-Sleeve-z-t-maja-SA81538-VR/SAUCONY-Hydralite-Short-Sleeve-z-t-maja-SA81538-VR-3.jpg",SA81538-VR
SAUCONY-Endorphin-Elite-Brief-Short-z-kr-hlace-SAW800410-UB,"http://snsa.ddns.net/public/j2s/resizing/2023/SAUCONY-Endorphin-Elite-Brief-Short-z-kr-hlace-SAW800410-UB/SAUCONY-Endorphin-Elite-Brief-Short-z-kr-hlace-SAW800410-UB-1.jpg, http://snsa.ddns.net/public/j2s/resizing/2023/SAUCONY-Endorphin-Elite-Brief-Short-z-kr-hlace-SAW800410-UB/SAUCONY-Endorphin-Elite-Brief-Short-z-kr-hlace-SAW800410-UB-2.jpg, http://snsa.ddns.net/public/j2s/resizing/2023/SAUCONY-Endorphin-Elite-Brief-Short-z-kr-hlace-SAW800410-UB/SAUCONY-Endorphin-Elite-Brief-Short-z-kr-hlace-SAW800410-UB-3.jpg, http://snsa.ddns.net/public/j2s/resizing/2023/SAUCONY-Endorphin-Elite-Brief-Short-z-kr-hlace-SAW800410-UB/SAUCONY-Endorphin-Elite-Brief-Short-z-kr-hlace-SAW800410-UB-4.jpg, http://snsa.ddns.net/public/j2s/resizing/2023/SAUCONY-Endorphin-Elite-Brief-Short-z-kr-hlace-SAW800410-UB/SAUCONY-Endorphin-Elite-Brief-Short-z-kr-hlace-SAW800410-UB-5.jpg",SAW800410-UB
SAUCONY-Endorphin-Shift-3-zenska-tenisica-S10813-10,"http://snsa.ddns.net/public/j2s/resizing/2023/SAUCONY-Endorphin-Shift-3-zenska-tenisica-S10813-10/SAUCONY-Endorphin-Shift-3-zenska-tenisica-S10813-10-1.jpg, http://snsa.ddns.net/public/j2s/resizing/2023/SAUCONY-Endorphin-Shift-3-zenska-tenisica-S10813-10/SAUCONY-Endorphin-Shift-3-zenska-tenisica-S10813-10-2.jpg, http://snsa.ddns.net/public/j2s/resizing/2023/SAUCONY-Endorphin-Shift-3-zenska-tenisica-S10813-10/SAUCONY-Endorphin-Shift-3-zenska-tenisica-S10813-10-3.jpg, http://snsa.ddns.net/public/j2s/resizing/2023/SAUCONY-Endorphin-Shift-3-zenska-tenisica-S10813-10/SAUCONY-Endorphin-Shift-3-zenska-tenisica-S10813-10-4.jpg, http://snsa.ddns.net/public/j2s/resizing/2023/SAUCONY-Endorphin-Shift-3-zenska-tenisica-S10813-10/SAUCONY-Endorphin-Shift-3-zenska-tenisica-S10813-10-5.jpg",S10813-10
SAUCONY-Shadow-6000-Gtx-muska-tenisica-S70786-3,"http://snsa.ddns.net/public/j2s/resizing/2023/SAUCONY-Shadow-6000-Gtx-muska-tenisica-S70786-3/SAUCONY-Shadow-6000-Gtx-muska-tenisica-S70786-3-1.jpg, http://snsa.ddns.net/public/j2s/resizing/2023/SAUCONY-Shadow-6000-Gtx-muska-tenisica-S70786-3/SAUCONY-Shadow-6000-Gtx-muska-tenisica-S70786-3-2.jpg, http://snsa.ddns.net/public/j2s/resizing/2023/SAUCONY-Shadow-6000-Gtx-muska-tenisica-S70786-3/SAUCONY-Shadow-6000-Gtx-muska-tenisica-S70786-3-3.jpg, http://snsa.ddns.net/public/j2s/resizing/2023/SAUCONY-Shadow-6000-Gtx-muska-tenisica-S70786-3/SAUCONY-Shadow-6000-Gtx-muska-tenisica-S70786-3-4.jpg, http://snsa.ddns.net/public/j2s/resizing/2023/SAUCONY-Shadow-6000-Gtx-muska-tenisica-S70786-3/SAUCONY-Shadow-6000-Gtx-muska-tenisica-S70786-3-5.jpg",S70786-3
SAUCONY-Ride-15-Tr-muska-tenisica-S20775-25,"http://snsa.ddns.net/public/j2s/resizing/2023/SAUCONY-Ride-15-Tr-muska-tenisica-S20775-25/SAUCONY-Ride-15-Tr-muska-tenisica-S20775-25-1.jpg, http://snsa.ddns.net/public/j2s/resizing/2023/SAUCONY-Ride-15-Tr-muska-tenisica-S20775-25/SAUCONY-Ride-15-Tr-muska-tenisica-S20775-25-2.jpg, http://snsa.ddns.net/public/j2s/resizing/2023/SAUCONY-Ride-15-Tr-muska-tenisica-S20775-25/SAUCONY-Ride-15-Tr-muska-tenisica-S20775-25-3.jpg, http://snsa.ddns.net/public/j2s/resizing/2023/SAUCONY-Ride-15-Tr-muska-tenisica-S20775-25/SAUCONY-Ride-15-Tr-muska-tenisica-S20775-25-4.jpg, http://snsa.ddns.net/public/j2s/resizing/2023/SAUCONY-Ride-15-Tr-muska-tenisica-S20775-25/SAUCONY-Ride-15-Tr-muska-tenisica-S20775-25-5.jpg",S20775-25
SAUCONY-Wmns-Life-On-The-Run-Cdwn-Ls-z-maja-SAW800105-HTG,"http://snsa.ddns.net/public/j2s/resizing/2023/SAUCONY-Wmns-Life-On-The-Run-Cdwn-Ls-z-maja-SAW800105-HTG/SAUCONY-Wmns-Life-On-The-Run-Cdwn-Ls-z-maja-SAW800105-HTG-1.jpg, http://snsa.ddns.net/public/j2s/resizing/2023/SAUCONY-Wmns-Life-On-The-Run-Cdwn-Ls-z-maja-SAW800105-HTG/SAUCONY-Wmns-Life-On-The-Run-Cdwn-Ls-z-maja-SAW800105-HTG-2.jpg, http://snsa.ddns.net/public/j2s/resizing/2023/SAUCONY-Wmns-Life-On-The-Run-Cdwn-Ls-z-maja-SAW800105-HTG/SAUCONY-Wmns-Life-On-The-Run-Cdwn-Ls-z-maja-SAW800105-HTG-3.jpg",SAW800105-HTG
SAUCONY-Elite-Tight-Short-m-kr-hlace-SAM800316-UB,"http://snsa.ddns.net/public/j2s/resizing/2023/SAUCONY-Elite-Tight-Short-m-kr-hlace-SAM800316-UB/SAUCONY-Elite-Tight-Short-m-kr-hlace-SAM800316-UB-1.jpg, http://snsa.ddns.net/public/j2s/resizing/2023/SAUCONY-Elite-Tight-Short-m-kr-hlace-SAM800316-UB/SAUCONY-Elite-Tight-Short-m-kr-hlace-SAM800316-UB-2.jpg, http://snsa.ddns.net/public/j2s/resizing/2023/SAUCONY-Elite-Tight-Short-m-kr-hlace-SAM800316-UB/SAUCONY-Elite-Tight-Short-m-kr-hlace-SAM800316-UB-3.jpg, http://snsa.ddns.net/public/j2s/resizing/2023/SAUCONY-Elite-Tight-Short-m-kr-hlace-SAM800316-UB/SAUCONY-Elite-Tight-Short-m-kr-hlace-SAM800316-UB-4.jpg, http://snsa.ddns.net/public/j2s/resizing/2023/SAUCONY-Elite-Tight-Short-m-kr-hlace-SAM800316-UB/SAUCONY-Elite-Tight-Short-m-kr-hlace-SAM800316-UB-5.jpg",SAM800316-UB
SAUCONY-Guide-14-zenska-tenisica-S10654-66,"http://snsa.ddns.net/public/j2s/resizing/2023/SAUCONY-Guide-14-zenska-tenisica-S10654-66/SAUCONY-Guide-14-zenska-tenisica-S10654-66-1.jpg, http://snsa.ddns.net/public/j2s/resizing/2023/SAUCONY-Guide-14-zenska-tenisica-S10654-66/SAUCONY-Guide-14-zenska-tenisica-S10654-66-2.jpg, http://snsa.ddns.net/public/j2s/resizing/2023/SAUCONY-Guide-14-zenska-tenisica-S10654-66/SAUCONY-Guide-14-zenska-tenisica-S10654-66-3.jpg, http://snsa.ddns.net/public/j2s/resizing/2023/SAUCONY-Guide-14-zenska-tenisica-S10654-66/SAUCONY-Guide-14-zenska-tenisica-S10654-66-4.jpg, http://snsa.ddns.net/public/j2s/resizing/2023/SAUCONY-Guide-14-zenska-tenisica-S10654-66/SAUCONY-Guide-14-zenska-tenisica-S10654-66-5.jpg",S10654-66
SAUCONY-Ride-15-zenska-tenisica-S10729-30,"http://snsa.ddns.net/public/j2s/resizing/2023/SAUCONY-Ride-15-zenska-tenisica-S10729-30/SAUCONY-Ride-15-zenska-tenisica-S10729-30-1.jpg, http://snsa.ddns.net/public/j2s/resizing/2023/SAUCONY-Ride-15-zenska-tenisica-S10729-30/SAUCONY-Ride-15-zenska-tenisica-S10729-30-2.jpg, http://snsa.ddns.net/public/j2s/resizing/2023/SAUCONY-Ride-15-zenska-tenisica-S10729-30/SAUCONY-Ride-15-zenska-tenisica-S10729-30-3.jpg, http://snsa.ddns.net/public/j2s/resizing/2023/SAUCONY-Ride-15-zenska-tenisica-S10729-30/SAUCONY-Ride-15-zenska-tenisica-S10729-30-4.jpg, http://snsa.ddns.net/public/j2s/resizing/2023/SAUCONY-Ride-15-zenska-tenisica-S10729-30/SAUCONY-Ride-15-zenska-tenisica-S10729-30-5.jpg",S10729-30
SAUCONY-Shadow-Original-Vintage-unisex-tenisica-S70424-8,"http://snsa.ddns.net/public/j2s/resizing/2023/SAUCONY-Shadow-Original-Vintage-unisex-tenisica-S70424-8/SAUCONY-Shadow-Original-Vintage-unisex-tenisica-S70424-8-1.jpg, http://snsa.ddns.net/public/j2s/resizing/2023/SAUCONY-Shadow-Original-Vintage-unisex-tenisica-S70424-8/SAUCONY-Shadow-Original-Vintage-unisex-tenisica-S70424-8-2.jpg, http://snsa.ddns.net/public/j2s/resizing/2023/SAUCONY-Shadow-Original-Vintage-unisex-tenisica-S70424-8/SAUCONY-Shadow-Original-Vintage-unisex-tenisica-S70424-8-3.jpg, http://snsa.ddns.net/public/j2s/resizing/2023/SAUCONY-Shadow-Original-Vintage-unisex-tenisica-S70424-8/SAUCONY-Shadow-Original-Vintage-unisex-tenisica-S70424-8-4.jpg, http://snsa.ddns.net/public/j2s/resizing/2023/SAUCONY-Shadow-Original-Vintage-unisex-tenisica-S70424-8/SAUCONY-Shadow-Original-Vintage-unisex-tenisica-S70424-8-5.jpg",S70424-8
SAUCONY-Endorphin-Pro-3-muska-tenisica-S20755-75,"http://snsa.ddns.net/public/j2s/resizing/2023/SAUCONY-Endorphin-Pro-3-muska-tenisica-S20755-75/SAUCONY-Endorphin-Pro-3-muska-tenisica-S20755-75-1.jpg, http://snsa.ddns.net/public/j2s/resizing/2023/SAUCONY-Endorphin-Pro-3-muska-tenisica-S20755-75/SAUCONY-Endorphin-Pro-3-muska-tenisica-S20755-75-2.jpg, http://snsa.ddns.net/public/j2s/resizing/2023/SAUCONY-Endorphin-Pro-3-muska-tenisica-S20755-75/SAUCONY-Endorphin-Pro-3-muska-tenisica-S20755-75-3.jpg, http://snsa.ddns.net/public/j2s/resizing/2023/SAUCONY-Endorphin-Pro-3-muska-tenisica-S20755-75/SAUCONY-Endorphin-Pro-3-muska-tenisica-S20755-75-4.jpg, http://snsa.ddns.net/public/j2s/resizing/2023/SAUCONY-Endorphin-Pro-3-muska-tenisica-S20755-75/SAUCONY-Endorphin-Pro-3-muska-tenisica-S20755-75-5.jpg",S20755-75
SAUCONY-Elite-Singlet-z-maja-SAW800407-UB,"http://snsa.ddns.net/public/j2s/resizing/2023/SAUCONY-Elite-Singlet-z-maja-SAW800407-UB/SAUCONY-Elite-Singlet-z-maja-SAW800407-UB-1.jpg, http://snsa.ddns.net/public/j2s/resizing/2023/SAUCONY-Elite-Singlet-z-maja-SAW800407-UB/SAUCONY-Elite-Singlet-z-maja-SAW800407-UB-2.jpg, http://snsa.ddns.net/public/j2s/resizing/2023/SAUCONY-Elite-Singlet-z-maja-SAW800407-UB/SAUCONY-Elite-Singlet-z-maja-SAW800407-UB-3.jpg, http://snsa.ddns.net/public/j2s/resizing/2023/SAUCONY-Elite-Singlet-z-maja-SAW800407-UB/SAUCONY-Elite-Singlet-z-maja-SAW800407-UB-4.jpg",SAW800407-UB
SAUCONY-Grid-Shadow-2-unisex-tenisica-S70773-1,"http://snsa.ddns.net/public/j2s/resizing/2023/SAUCONY-Grid-Shadow-2-unisex-tenisica-S70773-1/SAUCONY-Grid-Shadow-2-unisex-tenisica-S70773-1-1.jpg, http://snsa.ddns.net/public/j2s/resizing/2023/SAUCONY-Grid-Shadow-2-unisex-tenisica-S70773-1/SAUCONY-Grid-Shadow-2-unisex-tenisica-S70773-1-2.jpg, http://snsa.ddns.net/public/j2s/resizing/2023/SAUCONY-Grid-Shadow-2-unisex-tenisica-S70773-1/SAUCONY-Grid-Shadow-2-unisex-tenisica-S70773-1-3.jpg, http://snsa.ddns.net/public/j2s/resizing/2023/SAUCONY-Grid-Shadow-2-unisex-tenisica-S70773-1/SAUCONY-Grid-Shadow-2-unisex-tenisica-S70773-1-4.jpg, http://snsa.ddns.net/public/j2s/resizing/2023/SAUCONY-Grid-Shadow-2-unisex-tenisica-S70773-1/SAUCONY-Grid-Shadow-2-unisex-tenisica-S70773-1-5.jpg",S70773-1
SAUCONY-Peregrine-13-zenska-tenisica-S10838-75,"http://snsa.ddns.net/public/j2s/resizing/2023/SAUCONY-Peregrine-13-zenska-tenisica-S10838-75/SAUCONY-Peregrine-13-zenska-tenisica-S10838-75-1.jpg, http://snsa.ddns.net/public/j2s/resizing/2023/SAUCONY-Peregrine-13-zenska-tenisica-S10838-75/SAUCONY-Peregrine-13-zenska-tenisica-S10838-75-2.jpg, http://snsa.ddns.net/public/j2s/resizing/2023/SAUCONY-Peregrine-13-zenska-tenisica-S10838-75/SAUCONY-Peregrine-13-zenska-tenisica-S10838-75-3.jpg, http://snsa.ddns.net/public/j2s/resizing/2023/SAUCONY-Peregrine-13-zenska-tenisica-S10838-75/SAUCONY-Peregrine-13-zenska-tenisica-S10838-75-4.jpg, http://snsa.ddns.net/public/j2s/resizing/2023/SAUCONY-Peregrine-13-zenska-tenisica-S10838-75/SAUCONY-Peregrine-13-zenska-tenisica-S10838-75-5.jpg",S10838-75
SAUCONY-Shadow-6000-unisex-tenisica-S70781-1,"http://snsa.ddns.net/public/j2s/resizing/2023/SAUCONY-Shadow-6000-unisex-tenisica-S70781-1/SAUCONY-Shadow-6000-unisex-tenisica-S70781-1-1.jpg, http://snsa.ddns.net/public/j2s/resizing/2023/SAUCONY-Shadow-6000-unisex-tenisica-S70781-1/SAUCONY-Shadow-6000-unisex-tenisica-S70781-1-2.jpg, http://snsa.ddns.net/public/j2s/resizing/2023/SAUCONY-Shadow-6000-unisex-tenisica-S70781-1/SAUCONY-Shadow-6000-unisex-tenisica-S70781-1-3.jpg, http://snsa.ddns.net/public/j2s/resizing/2023/SAUCONY-Shadow-6000-unisex-tenisica-S70781-1/SAUCONY-Shadow-6000-unisex-tenisica-S70781-1-4.jpg, http://snsa.ddns.net/public/j2s/resizing/2023/SAUCONY-Shadow-6000-unisex-tenisica-S70781-1/SAUCONY-Shadow-6000-unisex-tenisica-S70781-1-5.jpg",S70781-1
SAUCONY-Shadow-5000-unisex-tenisica-S70775-2,"http://snsa.ddns.net/public/j2s/resizing/2023/SAUCONY-Shadow-5000-unisex-tenisica-S70775-2/SAUCONY-Shadow-5000-unisex-tenisica-S70775-2-1.jpg, http://snsa.ddns.net/public/j2s/resizing/2023/SAUCONY-Shadow-5000-unisex-tenisica-S70775-2/SAUCONY-Shadow-5000-unisex-tenisica-S70775-2-2.jpg, http://snsa.ddns.net/public/j2s/resizing/2023/SAUCONY-Shadow-5000-unisex-tenisica-S70775-2/SAUCONY-Shadow-5000-unisex-tenisica-S70775-2-3.jpg, http://snsa.ddns.net/public/j2s/resizing/2023/SAUCONY-Shadow-5000-unisex-tenisica-S70775-2/SAUCONY-Shadow-5000-unisex-tenisica-S70775-2-4.jpg, http://snsa.ddns.net/public/j2s/resizing/2023/SAUCONY-Shadow-5000-unisex-tenisica-S70775-2/SAUCONY-Shadow-5000-unisex-tenisica-S70775-2-5.jpg",S70775-2
SAUCONY-Elite-Bra-Top-z-top-SAW800408-UB,"http://snsa.ddns.net/public/j2s/resizing/2023/SAUCONY-Elite-Bra-Top-z-top-SAW800408-UB/SAUCONY-Elite-Bra-Top-z-top-SAW800408-UB-1.jpg, http://snsa.ddns.net/public/j2s/resizing/2023/SAUCONY-Elite-Bra-Top-z-top-SAW800408-UB/SAUCONY-Elite-Bra-Top-z-top-SAW800408-UB-2.jpg, http://snsa.ddns.net/public/j2s/resizing/2023/SAUCONY-Elite-Bra-Top-z-top-SAW800408-UB/SAUCONY-Elite-Bra-Top-z-top-SAW800408-UB-3.jpg, http://snsa.ddns.net/public/j2s/resizing/2023/SAUCONY-Elite-Bra-Top-z-top-SAW800408-UB/SAUCONY-Elite-Bra-Top-z-top-SAW800408-UB-5.jpg",SAW800408-UB
SAUCONY-Kinvara-14-zenska-tenisica-S10823-60,"http://snsa.ddns.net/public/j2s/resizing/2023/SAUCONY-Kinvara-14-zenska-tenisica-S10823-60/SAUCONY-Kinvara-14-zenska-tenisica-S10823-60-1.jpg, http://snsa.ddns.net/public/j2s/resizing/2023/SAUCONY-Kinvara-14-zenska-tenisica-S10823-60/SAUCONY-Kinvara-14-zenska-tenisica-S10823-60-2.jpg, http://snsa.ddns.net/public/j2s/resizing/2023/SAUCONY-Kinvara-14-zenska-tenisica-S10823-60/SAUCONY-Kinvara-14-zenska-tenisica-S10823-60-3.jpg, http://snsa.ddns.net/public/j2s/resizing/2023/SAUCONY-Kinvara-14-zenska-tenisica-S10823-60/SAUCONY-Kinvara-14-zenska-tenisica-S10823-60-4.jpg, http://snsa.ddns.net/public/j2s/resizing/2023/SAUCONY-Kinvara-14-zenska-tenisica-S10823-60/SAUCONY-Kinvara-14-zenska-tenisica-S10823-60-5.jpg",S10823-60
SAUCONY-Elite-Boy-Short-z-kr-hlace-SAW800412-UB,"http://snsa.ddns.net/public/j2s/resizing/2023/SAUCONY-Elite-Boy-Short-z-kr-hlace-SAW800412-UB/SAUCONY-Elite-Boy-Short-z-kr-hlace-SAW800412-UB-1.jpg, http://snsa.ddns.net/public/j2s/resizing/2023/SAUCONY-Elite-Boy-Short-z-kr-hlace-SAW800412-UB/SAUCONY-Elite-Boy-Short-z-kr-hlace-SAW800412-UB-2.jpg, http://snsa.ddns.net/public/j2s/resizing/2023/SAUCONY-Elite-Boy-Short-z-kr-hlace-SAW800412-UB/SAUCONY-Elite-Boy-Short-z-kr-hlace-SAW800412-UB-3.jpg, http://snsa.ddns.net/public/j2s/resizing/2023/SAUCONY-Elite-Boy-Short-z-kr-hlace-SAW800412-UB/SAUCONY-Elite-Boy-Short-z-kr-hlace-SAW800412-UB-4.jpg, http://snsa.ddns.net/public/j2s/resizing/2023/SAUCONY-Elite-Boy-Short-z-kr-hlace-SAW800412-UB/SAUCONY-Elite-Boy-Short-z-kr-hlace-SAW800412-UB-5.jpg",SAW800412-UB
SAUCONY-Elite-Short-Sleeve-m-t-maja-SAM800313-UB,"http://snsa.ddns.net/public/j2s/resizing/2023/SAUCONY-Elite-Short-Sleeve-m-t-maja-SAM800313-UB/SAUCONY-Elite-Short-Sleeve-m-t-maja-SAM800313-UB-1.jpg, http://snsa.ddns.net/public/j2s/resizing/2023/SAUCONY-Elite-Short-Sleeve-m-t-maja-SAM800313-UB/SAUCONY-Elite-Short-Sleeve-m-t-maja-SAM800313-UB-2.jpg, http://snsa.ddns.net/public/j2s/resizing/2023/SAUCONY-Elite-Short-Sleeve-m-t-maja-SAM800313-UB/SAUCONY-Elite-Short-Sleeve-m-t-maja-SAM800313-UB-3.jpg",SAM800313-UB
SAUCONY-Tempus-zenska-tenisica-S10720-86,"http://snsa.ddns.net/public/j2s/resizing/2023/SAUCONY-Tempus-zenska-tenisica-S10720-86/SAUCONY-Tempus-zenska-tenisica-S10720-86-1.jpg, http://snsa.ddns.net/public/j2s/resizing/2023/SAUCONY-Tempus-zenska-tenisica-S10720-86/SAUCONY-Tempus-zenska-tenisica-S10720-86-2.jpg, http://snsa.ddns.net/public/j2s/resizing/2023/SAUCONY-Tempus-zenska-tenisica-S10720-86/SAUCONY-Tempus-zenska-tenisica-S10720-86-3.jpg, http://snsa.ddns.net/public/j2s/resizing/2023/SAUCONY-Tempus-zenska-tenisica-S10720-86/SAUCONY-Tempus-zenska-tenisica-S10720-86-4.jpg, http://snsa.ddns.net/public/j2s/resizing/2023/SAUCONY-Tempus-zenska-tenisica-S10720-86/SAUCONY-Tempus-zenska-tenisica-S10720-86-5.jpg",S10720-86
SAUCONY-Ride-16-muska-tenisica-S20830-32,"http://snsa.ddns.net/public/j2s/resizing/2023/SAUCONY-Ride-16-muska-tenisica-S20830-32/SAUCONY-Ride-16-muska-tenisica-S20830-32-1.jpg, http://snsa.ddns.net/public/j2s/resizing/2023/SAUCONY-Ride-16-muska-tenisica-S20830-32/SAUCONY-Ride-16-muska-tenisica-S20830-32-2.jpg, http://snsa.ddns.net/public/j2s/resizing/2023/SAUCONY-Ride-16-muska-tenisica-S20830-32/SAUCONY-Ride-16-muska-tenisica-S20830-32-3.jpg, http://snsa.ddns.net/public/j2s/resizing/2023/SAUCONY-Ride-16-muska-tenisica-S20830-32/SAUCONY-Ride-16-muska-tenisica-S20830-32-4.jpg, http://snsa.ddns.net/public/j2s/resizing/2023/SAUCONY-Ride-16-muska-tenisica-S20830-32/SAUCONY-Ride-16-muska-tenisica-S20830-32-5.jpg",S20830-32
SAUCONY-Saucony-String-Bag-torba-SAU900016-IDA3,http://snsa.ddns.net/public/j2s/resizing/2023/SAUCONY-Saucony-String-Bag-torba-SAU900016-IDA3/SAUCONY-Saucony-String-Bag-torba-SAU900016-IDA3-1.jpg,SAU900016-IDA3
SAUCONY-Freedom-Short-Sleeve-m-t-maja-SA81153-ZST,http://snsa.ddns.net/public/j2s/resizing/2023/SAUCONY-Freedom-Short-Sleeve-m-t-maja-SA81153-ZST/SAUCONY-Freedom-Short-Sleeve-m-t-maja-SA81153-ZST-1.jpg,SA81153-ZST
SAUCONY-Solstice-Neck-Gaiter-ovratnik-SAU800034-BK,"http://snsa.ddns.net/public/j2s/resizing/2023/SAUCONY-Solstice-Neck-Gaiter-ovratnik-SAU800034-BK/SAUCONY-Solstice-Neck-Gaiter-ovratnik-SAU800034-BK-1.jpg, http://snsa.ddns.net/public/j2s/resizing/2023/SAUCONY-Solstice-Neck-Gaiter-ovratnik-SAU800034-BK/SAUCONY-Solstice-Neck-Gaiter-ovratnik-SAU800034-BK-2.jpg, http://snsa.ddns.net/public/j2s/resizing/2023/SAUCONY-Solstice-Neck-Gaiter-ovratnik-SAU800034-BK/SAUCONY-Solstice-Neck-Gaiter-ovratnik-SAU800034-BK-3.jpg, http://snsa.ddns.net/public/j2s/resizing/2023/SAUCONY-Solstice-Neck-Gaiter-ovratnik-SAU800034-BK/SAUCONY-Solstice-Neck-Gaiter-ovratnik-SAU800034-BK-4.jpg",SAU800034-BK
