Folders,Images,SKU,Published
SUN68-Ally-Solid-zenske-tenisice-Z43201-77,"http://snsa.ddns.net/public/j2s/resizing/2023_3/SUN68-Ally-Solid-zenske-tenisice-Z43201-77/SUN68-Ally-Solid-zenske-tenisice-Z43201-77-1.png, http://snsa.ddns.net/public/j2s/resizing/2023_3/SUN68-Ally-Solid-zenske-tenisice-Z43201-77/SUN68-Ally-Solid-zenske-tenisice-Z43201-77-2.png, http://snsa.ddns.net/public/j2s/resizing/2023_3/SUN68-Ally-Solid-zenske-tenisice-Z43201-77/SUN68-Ally-Solid-zenske-tenisice-Z43201-77-3.png, http://snsa.ddns.net/public/j2s/resizing/2023_3/SUN68-Ally-Solid-zenske-tenisice-Z43201-77/SUN68-Ally-Solid-zenske-tenisice-Z43201-77-4.png",Z43201-77,1
SUN68-Tom-Classic-muske-tenisice-Z43104-74,"http://snsa.ddns.net/public/j2s/resizing/2023_3/SUN68-Tom-Classic-muske-tenisice-Z43104-74/SUN68-Tom-Classic-muske-tenisice-Z43104-74-1.png, http://snsa.ddns.net/public/j2s/resizing/2023_3/SUN68-Tom-Classic-muske-tenisice-Z43104-74/SUN68-Tom-Classic-muske-tenisice-Z43104-74-2.png, http://snsa.ddns.net/public/j2s/resizing/2023_3/SUN68-Tom-Classic-muske-tenisice-Z43104-74/SUN68-Tom-Classic-muske-tenisice-Z43104-74-3.png, http://snsa.ddns.net/public/j2s/resizing/2023_3/SUN68-Tom-Classic-muske-tenisice-Z43104-74/SUN68-Tom-Classic-muske-tenisice-Z43104-74-4.png",Z43104-74,1
SUN68-Tom-Fluo-muske-tenisice-Z43102-07,"http://snsa.ddns.net/public/j2s/resizing/2023_3/SUN68-Tom-Fluo-muske-tenisice-Z43102-07/SUN68-Tom-Fluo-muske-tenisice-Z43102-07-1.png, http://snsa.ddns.net/public/j2s/resizing/2023_3/SUN68-Tom-Fluo-muske-tenisice-Z43102-07/SUN68-Tom-Fluo-muske-tenisice-Z43102-07-2.png, http://snsa.ddns.net/public/j2s/resizing/2023_3/SUN68-Tom-Fluo-muske-tenisice-Z43102-07/SUN68-Tom-Fluo-muske-tenisice-Z43102-07-3.png, http://snsa.ddns.net/public/j2s/resizing/2023_3/SUN68-Tom-Fluo-muske-tenisice-Z43102-07/SUN68-Tom-Fluo-muske-tenisice-Z43102-07-4.png",Z43102-07,1
SUN68-Ally-Bright-Nylon-zenske-tenisice-Z43203-44,"http://snsa.ddns.net/public/j2s/resizing/2023_3/SUN68-Ally-Bright-Nylon-zenske-tenisice-Z43203-44/SUN68-Ally-Bright-Nylon-zenske-tenisice-Z43203-44-1.png, http://snsa.ddns.net/public/j2s/resizing/2023_3/SUN68-Ally-Bright-Nylon-zenske-tenisice-Z43203-44/SUN68-Ally-Bright-Nylon-zenske-tenisice-Z43203-44-2.png, http://snsa.ddns.net/public/j2s/resizing/2023_3/SUN68-Ally-Bright-Nylon-zenske-tenisice-Z43203-44/SUN68-Ally-Bright-Nylon-zenske-tenisice-Z43203-44-3.png, http://snsa.ddns.net/public/j2s/resizing/2023_3/SUN68-Ally-Bright-Nylon-zenske-tenisice-Z43203-44/SUN68-Ally-Bright-Nylon-zenske-tenisice-Z43203-44-4.png",Z43203-44,1
SUN68-Ally-Gold-Girl-zenske-tenisice-Z43202-31,"http://snsa.ddns.net/public/j2s/resizing/2023_3/SUN68-Ally-Gold-Girl-zenske-tenisice-Z43202-31/SUN68-Ally-Gold-Girl-zenske-tenisice-Z43202-31-1.png, http://snsa.ddns.net/public/j2s/resizing/2023_3/SUN68-Ally-Gold-Girl-zenske-tenisice-Z43202-31/SUN68-Ally-Gold-Girl-zenske-tenisice-Z43202-31-2.png, http://snsa.ddns.net/public/j2s/resizing/2023_3/SUN68-Ally-Gold-Girl-zenske-tenisice-Z43202-31/SUN68-Ally-Gold-Girl-zenske-tenisice-Z43202-31-3.png, http://snsa.ddns.net/public/j2s/resizing/2023_3/SUN68-Ally-Gold-Girl-zenske-tenisice-Z43202-31/SUN68-Ally-Gold-Girl-zenske-tenisice-Z43202-31-4.png",Z43202-31,1
SUN68-Tom-Solid-muske-tenisice-Z43101-07,"http://snsa.ddns.net/public/j2s/resizing/2023_3/SUN68-Tom-Solid-muske-tenisice-Z43101-07/SUN68-Tom-Solid-muske-tenisice-Z43101-07-1.png, http://snsa.ddns.net/public/j2s/resizing/2023_3/SUN68-Tom-Solid-muske-tenisice-Z43101-07/SUN68-Tom-Solid-muske-tenisice-Z43101-07-2.png, http://snsa.ddns.net/public/j2s/resizing/2023_3/SUN68-Tom-Solid-muske-tenisice-Z43101-07/SUN68-Tom-Solid-muske-tenisice-Z43101-07-3.png, http://snsa.ddns.net/public/j2s/resizing/2023_3/SUN68-Tom-Solid-muske-tenisice-Z43101-07/SUN68-Tom-Solid-muske-tenisice-Z43101-07-4.png",Z43101-07,1
SUN68-Tom-Solid-muske-tenisice-Z43101-01,"http://snsa.ddns.net/public/j2s/resizing/2023_3/SUN68-Tom-Solid-muske-tenisice-Z43101-01/SUN68-Tom-Solid-muske-tenisice-Z43101-01-1.png, http://snsa.ddns.net/public/j2s/resizing/2023_3/SUN68-Tom-Solid-muske-tenisice-Z43101-01/SUN68-Tom-Solid-muske-tenisice-Z43101-01-2.png, http://snsa.ddns.net/public/j2s/resizing/2023_3/SUN68-Tom-Solid-muske-tenisice-Z43101-01/SUN68-Tom-Solid-muske-tenisice-Z43101-01-3.png, http://snsa.ddns.net/public/j2s/resizing/2023_3/SUN68-Tom-Solid-muske-tenisice-Z43101-01/SUN68-Tom-Solid-muske-tenisice-Z43101-01-4.png",Z43101-01,1
SUN68-Tom-Solid-muske-tenisice-Z43101-08,"http://snsa.ddns.net/public/j2s/resizing/2023_3/SUN68-Tom-Solid-muske-tenisice-Z43101-08/SUN68-Tom-Solid-muske-tenisice-Z43101-08-1.png, http://snsa.ddns.net/public/j2s/resizing/2023_3/SUN68-Tom-Solid-muske-tenisice-Z43101-08/SUN68-Tom-Solid-muske-tenisice-Z43101-08-2.png, http://snsa.ddns.net/public/j2s/resizing/2023_3/SUN68-Tom-Solid-muske-tenisice-Z43101-08/SUN68-Tom-Solid-muske-tenisice-Z43101-08-3.png, http://snsa.ddns.net/public/j2s/resizing/2023_3/SUN68-Tom-Solid-muske-tenisice-Z43101-08/SUN68-Tom-Solid-muske-tenisice-Z43101-08-4.png",Z43101-08,1
SUN68-Tom-Solid-muske-tenisice-Z43101-70,"http://snsa.ddns.net/public/j2s/resizing/2023_3/SUN68-Tom-Solid-muske-tenisice-Z43101-70/SUN68-Tom-Solid-muske-tenisice-Z43101-70-1.png, http://snsa.ddns.net/public/j2s/resizing/2023_3/SUN68-Tom-Solid-muske-tenisice-Z43101-70/SUN68-Tom-Solid-muske-tenisice-Z43101-70-2.png, http://snsa.ddns.net/public/j2s/resizing/2023_3/SUN68-Tom-Solid-muske-tenisice-Z43101-70/SUN68-Tom-Solid-muske-tenisice-Z43101-70-3.png, http://snsa.ddns.net/public/j2s/resizing/2023_3/SUN68-Tom-Solid-muske-tenisice-Z43101-70/SUN68-Tom-Solid-muske-tenisice-Z43101-70-4.png",Z43101-70,1
SUN68-Ally-Solid-zenske-tenisice-Z43201-09,"http://snsa.ddns.net/public/j2s/resizing/2023_3/SUN68-Ally-Solid-zenske-tenisice-Z43201-09/SUN68-Ally-Solid-zenske-tenisice-Z43201-09-1.png, http://snsa.ddns.net/public/j2s/resizing/2023_3/SUN68-Ally-Solid-zenske-tenisice-Z43201-09/SUN68-Ally-Solid-zenske-tenisice-Z43201-09-2.png, http://snsa.ddns.net/public/j2s/resizing/2023_3/SUN68-Ally-Solid-zenske-tenisice-Z43201-09/SUN68-Ally-Solid-zenske-tenisice-Z43201-09-3.png, http://snsa.ddns.net/public/j2s/resizing/2023_3/SUN68-Ally-Solid-zenske-tenisice-Z43201-09/SUN68-Ally-Solid-zenske-tenisice-Z43201-09-4.png",Z43201-09,1
SUN68-Tom-Solid-muske-tenisice-Z43101-74,"http://snsa.ddns.net/public/j2s/resizing/2023_3/SUN68-Tom-Solid-muske-tenisice-Z43101-74/SUN68-Tom-Solid-muske-tenisice-Z43101-74-1.png, http://snsa.ddns.net/public/j2s/resizing/2023_3/SUN68-Tom-Solid-muske-tenisice-Z43101-74/SUN68-Tom-Solid-muske-tenisice-Z43101-74-2.png, http://snsa.ddns.net/public/j2s/resizing/2023_3/SUN68-Tom-Solid-muske-tenisice-Z43101-74/SUN68-Tom-Solid-muske-tenisice-Z43101-74-3.png, http://snsa.ddns.net/public/j2s/resizing/2023_3/SUN68-Tom-Solid-muske-tenisice-Z43101-74/SUN68-Tom-Solid-muske-tenisice-Z43101-74-4.png",Z43101-74,1
SUN68-Tom-Classic-muske-tenisice-Z43104-07,"http://snsa.ddns.net/public/j2s/resizing/2023_3/SUN68-Tom-Classic-muske-tenisice-Z43104-07/SUN68-Tom-Classic-muske-tenisice-Z43104-07-1.png, http://snsa.ddns.net/public/j2s/resizing/2023_3/SUN68-Tom-Classic-muske-tenisice-Z43104-07/SUN68-Tom-Classic-muske-tenisice-Z43104-07-2.png, http://snsa.ddns.net/public/j2s/resizing/2023_3/SUN68-Tom-Classic-muske-tenisice-Z43104-07/SUN68-Tom-Classic-muske-tenisice-Z43104-07-3.png, http://snsa.ddns.net/public/j2s/resizing/2023_3/SUN68-Tom-Classic-muske-tenisice-Z43104-07/SUN68-Tom-Classic-muske-tenisice-Z43104-07-4.png",Z43104-07,1
SUN68-Ally-Solid-zenske-tenisice-Z43201-34,"http://snsa.ddns.net/public/j2s/resizing/2023_3/SUN68-Ally-Solid-zenske-tenisice-Z43201-34/SUN68-Ally-Solid-zenske-tenisice-Z43201-34-1.png, http://snsa.ddns.net/public/j2s/resizing/2023_3/SUN68-Ally-Solid-zenske-tenisice-Z43201-34/SUN68-Ally-Solid-zenske-tenisice-Z43201-34-2.png, http://snsa.ddns.net/public/j2s/resizing/2023_3/SUN68-Ally-Solid-zenske-tenisice-Z43201-34/SUN68-Ally-Solid-zenske-tenisice-Z43201-34-3.png, http://snsa.ddns.net/public/j2s/resizing/2023_3/SUN68-Ally-Solid-zenske-tenisice-Z43201-34/SUN68-Ally-Solid-zenske-tenisice-Z43201-34-4.png",Z43201-34,1
SUN68-Tom-Fluo-muske-tenisice-Z43102-11,"http://snsa.ddns.net/public/j2s/resizing/2023_3/SUN68-Tom-Fluo-muske-tenisice-Z43102-11/SUN68-Tom-Fluo-muske-tenisice-Z43102-11-1.png, http://snsa.ddns.net/public/j2s/resizing/2023_3/SUN68-Tom-Fluo-muske-tenisice-Z43102-11/SUN68-Tom-Fluo-muske-tenisice-Z43102-11-2.png, http://snsa.ddns.net/public/j2s/resizing/2023_3/SUN68-Tom-Fluo-muske-tenisice-Z43102-11/SUN68-Tom-Fluo-muske-tenisice-Z43102-11-3.png, http://snsa.ddns.net/public/j2s/resizing/2023_3/SUN68-Tom-Fluo-muske-tenisice-Z43102-11/SUN68-Tom-Fluo-muske-tenisice-Z43102-11-4.png",Z43102-11,1
